file_id,Blues,Classical,Country,Easy Listening,Electronic,Experimental,Folk,Hip-Hop,Instrumental,International,Jazz,Old-Time / Historic,Pop,Rock,Soul-RnB,Spoken
000a939d-d494-4c37-8789-8d6fb83de157,6.108717847293072e-11,2.1329754502169652e-25,2.6824263454743775e-15,7.112522273457978e-18,0.007952992947347531,2.5394770788172486e-09,8.35914535233353e-05,0.00013510145272981714,1.79520816355699e-08,9.634558688586869e-12,3.523130786947744e-14,8.411513845838178e-24,0.7570411522741956,0.2347871413072137,2.6717204274876436e-12,2.9715961057424663e-19
00a2120c-d642-42ad-9d72-fd167e4dd595,2.678841933050426e-16,5.579671569013249e-25,8.062099700288038e-16,1.830818943830047e-16,1.901252960427803e-06,1.2144782060405741e-05,3.0471520401489134e-05,8.86612784887546e-11,5.5253637749893e-05,4.771159514659398e-15,9.494629493168945e-16,3.917120170543962e-08,2.024024092945406e-09,0.9999001840017661,3.521120587031334e-09,4.703214461733504e-14
00a2524b-b770-4e80-9fe9-d8f157d50777,1.2767059386512308e-18,1.9909525276263175e-20,1.2726487410449565e-12,2.6027582276491233e-21,5.166214510373536e-06,3.16752749632624e-09,1.1283171917615022e-09,1.2658214741174337e-07,1.143498885750113e-09,6.181037738609298e-10,1.7887622249743695e-11,1.7753237222700659e-23,0.007865396188657966,0.9921292672484128,3.768966389189472e-08,1.5213263134484326e-18
00a5b76f-d165-410c-80bd-731f5ac309c9,1.6958196084275908e-24,2.5951805776883446e-16,1.9368527123744665e-16,4.480155574893759e-31,0.19303405189079806,0.00018256571184007507,9.284901385675045e-08,1.4515753569586982e-10,3.6813137678305776e-05,0.43144284856821674,3.248714915738212e-18,5.0885349630732756e-26,0.0003176649216096834,0.3749859627756853,4.76919800637209e-18,3.568320720787788e-21
00a902cd-d411-4ff4-b291-99c817b17b2b,1.4149075647282548e-10,4.4894801503272304e-14,4.156004092046189e-06,1.9697245389800194e-13,0.00011313026500986248,6.86676365739796e-08,9.748957973785412e-05,0.9510125251168299,1.2600660954464007e-12,5.308259636928514e-07,7.947208442271697e-12,1.4582443881298444e-14,0.0023211247665122464,0.04645079263467678,1.819042868742932e-07,8.429968373883874e-11
00abfc3e-9e83-4b35-93c2-59068c44df1e,1.005186470678133e-07,7.043351462644391e-16,7.08824130581286e-07,2.1158573308675636e-13,1.9564894141931006e-05,6.833239008949791e-07,0.06644311123718705,0.871546715802559,9.311685921737447e-10,2.3812469996476926e-05,6.535539480819418e-12,2.7506818048703585e-16,1.4587515510190809e-05,0.06194821783844512,2.4966370866349965e-06,4.783531915490421e-13
00ae8d38-70d4-4d25-a912-124930335166,4.827477689609829e-07,1.9355801277326195e-14,0.0019343394221787308,1.903216258705698e-08,0.06853022815380351,6.645060168506188e-07,0.00039558812498640333,0.6880862794891315,4.602880371512708e-09,0.034053275188308155,2.414996742717798e-05,1.0764519134835646e-09,0.0680654946958572,0.13692522528480466,0.0019842476347604497,7.344233626807927e-11
00b07f70-c7d6-475b-a360-188e75823948,2.2409858705499648e-12,1.2014590899706228e-15,1.3853692128399817e-09,2.98697201426254e-12,0.0004138036323293,2.9991082575548252e-06,3.195211625656017e-07,0.9289553330411658,1.6362088228268556e-08,6.405481778783821e-10,1.06518208674518e-12,1.7922551295141995e-19,0.003961523624845952,0.06666585608677267,1.4634388217423274e-07,2.4728403045006443e-10
00b47e29-ba1a-476b-87dd-747ca7b2f8af,1.5549880246367804e-17,6.129578596583614e-20,3.8664576446962826e-17,2.5215588065554863e-14,3.054941352817761e-08,2.0026625678775863e-09,3.514408791445239e-08,0.9999874108828272,3.855635697658946e-15,1.8217910502259032e-11,5.263695223892214e-18,7.698174406704101e-23,7.419565004032002e-07,1.1747427432699177e-05,3.201880643092091e-08,2.2187348154542136e-14
0a008226-235f-416e-9133-b1ce7c1bc599,5.313048727171955e-17,3.237699430246731e-17,5.261414271626769e-23,5.943553315292165e-29,0.9188605588965627,0.06666930489382276,4.29894895705406e-11,0.014458446642425987,2.044209652471096e-09,9.344381964894951e-07,1.5655179401781374e-18,2.818377526419442e-21,3.889469234521038e-08,1.0272077592123848e-05,4.420695083219276e-07,3.572113625572365e-23
0a098402-039e-4c87-b98f-9a52e709083c,3.5833436916305256e-13,0.05703510506850667,3.054104958958329e-13,3.445466948292036e-07,0.0008487125302663436,0.0004611834945886716,0.08598011234730518,4.7912161477651e-05,0.024127685986415175,9.789704360075685e-05,7.441124878589792e-07,2.073877348666794e-12,0.008606212039785644,0.8227940906315945,2.668894210342534e-11,7.8501729983028e-12
0a0b202c-b546-4202-af0a-aee443c8a85d,1.61358671464386e-08,2.7771617296202196e-17,6.002184496860934e-13,3.088250527648476e-19,0.8259707428646244,0.07036307109939927,3.465109454176112e-07,0.01634320575884457,6.456560720341255e-08,2.8679988762464917e-07,8.270407905773187e-07,2.7014203140581605e-23,0.0002727147910267772,0.08704872442954116,2.7647001419423648e-12,1.0086783477009388e-13
0a0c02d5-45c6-4a32-afb0-362c8438a7bf,1.747998562587869e-07,1.831926921824963e-09,5.768426967589861e-06,6.44298226088389e-14,0.0577069107339688,8.704014049934383e-06,0.7272277492272742,1.23268345737781e-09,0.0857988154050519,2.440853170426237e-07,0.03243050508585385,6.77478427924316e-14,8.976335692220083e-05,0.09669997291005192,3.138888793867026e-05,2.0051121302395806e-12
0a0ff9bd-bc23-400d-969e-b22ec8a482f6,2.025017175179358e-06,6.994172527835994e-11,1.5294470749430207e-10,1.2502214492353944e-12,0.24135394644792194,0.0003863950912687025,9.825742742540095e-05,0.029794912195892684,0.0003455646021292556,0.002643380548258155,1.270227792590914e-08,4.277377707942024e-17,0.004893910324941225,0.7204790117762419,2.583642331012005e-06,4.070522008918129e-17
0a1906ff-e278-484a-9140-a354546f0128,1.8462817107605344e-07,1.4153924200149089e-14,1.1454609892548275e-10,8.21386248271879e-21,0.060821855320587155,0.00040807709084651685,0.9363582673974931,3.318817813795677e-07,0.0023780647452054677,4.405584789883625e-07,5.844258739836597e-08,1.642092928130239e-23,1.363460240352758e-05,1.9085217884619206e-05,5.99397802722739e-16,2.9946209213962955e-17
0a1a09b5-c02c-47b3-afda-9c28bc63d598,9.712726353935615e-20,5.715528439109711e-21,1.7355961331136686e-12,2.0232976169598672e-22,5.738814972053945e-10,5.988196948263688e-06,2.468644328269857e-11,1.7508829787618179e-13,1.7714506867077682e-15,8.404959191299083e-15,2.1594570879191443e-18,6.379909851673439e-26,1.6314984689057033e-09,0.9999940095710642,1.5125700391234621e-19,2.0840652450901616e-16
0a1a6a39-7adf-4ec0-8cb8-c3a3900d917d,3.81009078042622e-07,1.6333665991914578e-19,3.9159163108077335e-12,3.260749373666071e-19,0.9999936698516753,9.353721559832999e-07,1.0197683366530605e-14,1.7969235353633314e-06,4.4578675319437107e-11,2.8183013326047167e-08,9.43599608270495e-15,7.726422294628334e-17,6.433044772278799e-07,2.545302726624313e-06,2.346530333946789e-14,4.8003796711942074e-12
0a202396-5a3e-4cba-ba45-a69548d46c57,4.9339026191588525e-16,7.458847310913676e-17,2.996309680615519e-23,2.410579734243759e-24,0.8210308201264188,0.17896544413923218,2.855510432260636e-13,7.314745250429898e-07,3.0007669775779794e-06,4.732641388688268e-11,7.269377341634977e-12,4.9122786623276144e-20,2.519927061372239e-09,8.17043452881669e-10,1.0099408131958824e-10,1.291641873211752e-22
0a228be4-30b2-4f85-8500-d4dfa45a26d3,5.435982969823865e-20,9.96961919769594e-16,9.411536244403097e-18,2.5302714058935755e-16,3.5184917346683317e-10,1.2463944112630785e-06,7.926759330270595e-16,0.0008637106959980169,4.398207253415019e-14,8.019714034112352e-08,1.0482665263509135e-12,2.4761773212177708e-23,1.931067405229436e-05,0.9991156516691942,4.051666255983213e-14,1.621978785958578e-11
0a3d0066-d360-465c-8d57-79f2b5fa993d,6.563763111914152e-08,4.003684252949382e-05,1.7021827791367054e-11,6.086495181277409e-13,0.0005080948957047588,0.6487210432426432,0.10258596697086528,1.4050987921678433e-05,2.3439140228778154e-05,2.2190844334348683e-08,1.5126520407648937e-10,6.551122163437525e-12,0.001669057581254474,0.24643817168908522,6.844295263381658e-11,5.057740198513322e-08
0a3d8641-33e8-42aa-9482-64e4f2e4ccd4,3.587490278647487e-16,3.119004547667948e-16,3.2681932638101845e-22,1.1444691663798087e-14,4.230865935832885e-07,0.02981036477628524,4.4591802446693585e-10,3.951259192115935e-12,3.8890438671845647e-11,4.1243100420050695e-10,4.783583975293193e-09,0.9701888316119137,1.802001542333681e-08,3.5682035545341907e-07,4.985902054881336e-14,6.29945014721989e-18
0a3f3d25-69e8-4512-a571-73922427275d,2.603935616247197e-25,9.568017650551958e-18,3.580203804714132e-25,1.4029799035263008e-10,2.3672336712678156e-08,9.425190833674211e-09,7.213704186842602e-11,2.9197322610455467e-09,7.02857746479857e-12,1.6694713852739434e-15,7.586021234773164e-13,0.9999999637141554,4.52391515227669e-11,2.1814278757842964e-12,9.403762149699208e-13,6.342698284175786e-19
0a43703a-f437-43af-b74d-35822e22eb92,5.0772796801632216e-11,1.8141964824966994e-15,9.082371180208855e-12,3.232205597946142e-08,0.00024364843297915203,0.0030003900462683467,2.344265004869023e-07,0.00018661401014639142,1.654838667930479e-07,8.635039123878096e-08,0.0014524348184273123,0.9686269001435496,8.11220267499455e-06,0.026470235897018145,1.114458049434021e-05,1.2257702040656749e-09
0a453cc7-5be3-4ffd-b60f-59e18c889ab3,8.038450463434938e-10,6.6280129786571705e-25,8.069772896716565e-26,2.5598884678453018e-26,3.4532327072188694e-09,1.11817915559079e-12,7.777638743870813e-20,1.2609441214952416e-12,1.9443898260060845e-11,6.250044671622478e-15,3.940741007969362e-17,2.3644274615427674e-28,1.1074884446021831e-16,0.9999999957210914,1.4504008238676339e-15,3.035829286219437e-26
0a4899c9-e018-4e0c-8052-a2890fa4a533,7.780207331380375e-07,5.444909417196276e-13,2.0716093812984652e-07,8.661124960162014e-14,1.5477809505618162e-06,0.013838911662792662,2.8652286150983298e-06,3.53949765164038e-06,6.703848394379533e-06,0.0001179811589321933,0.005918797188328059,1.5131085590487182e-10,9.3870831229676e-07,0.9801077250640725,4.528267412041028e-09,7.004327477478512e-14
0a4a0461-3948-4a5e-af5c-f8f258cc68c8,1.8755506029281516e-08,3.809019382992457e-10,6.8220738357482706e-12,1.705679441284465e-12,0.05342451229558298,9.753126409703794e-05,0.0007880783761505381,6.483435831060282e-05,3.746425644920581e-08,0.9139629229350441,5.2897397098554075e-08,5.744785568677739e-15,0.03156205588778311,9.995531062715593e-05,6.580938377582004e-11,9.413378752709155e-19
0a4a999f-24e5-4ac1-9cb5-95842e5024a8,4.05764004756786e-06,0.0003563830639879252,6.280373801107118e-07,6.988341456364563e-07,0.0930605334899843,0.13696762762589818,0.00016032443430827865,0.03879873764447686,0.0003675893270775663,0.386895816713447,5.163654487368223e-06,6.404379790347102e-05,0.05196616268139957,0.28386443542739537,8.951015021680101e-05,0.007398287477843946
0a4cacf7-754d-45b3-a8e9-aa56ad0a2bad,6.86914359124846e-11,8.656775216448042e-10,1.6235762528329672e-09,2.996050735875891e-08,0.12401638498842205,0.0007582583575255191,0.00021083706744584122,0.0031011312382576107,0.00022931508115474182,0.63851011500558,0.0167985613686573,4.472601726548366e-10,0.030862221301707793,0.18551209278671973,2.3048397450732022e-07,8.19354842181947e-07
0a4d87b0-4fdd-429c-bae9-05fcdf1394e0,1.0036105132206356e-09,6.5247671266962246e-12,3.390298993484053e-07,5.703433428208987e-17,0.0007198755016628293,4.093590237846019e-06,4.442678694293836e-08,1.2834691270842694e-08,5.916116807578315e-06,0.9991628453260117,2.702926017135305e-05,3.5015763089247367e-15,4.826901758750424e-10,7.984238098757002e-05,3.990835246438425e-11,6.1059359780814855e-15
0a4e0d62-09ce-4fb5-a390-214d86485156,4.1730758286628124e-11,3.1401973374380855e-10,1.1449717391156591e-16,6.081834234964788e-20,9.893500820771738e-10,3.393659623645935e-08,1.2635255410374511e-11,5.2642058414033726e-17,5.409351964115474e-12,0.9996614780059855,9.732190992023834e-05,1.4829686941711537e-18,6.377701408582464e-12,0.00024116477797490274,2.106917600624573e-19,1.368084656832718e-20
0a4efd13-1ff3-46f6-b779-906b6675bf92,1.9264871628344761e-13,3.248060677666989e-11,7.701332184036277e-17,5.982983956840003e-21,9.514932267914706e-12,4.776338074820582e-12,2.4678528294742155e-14,3.657590326347266e-14,1.6010030748710992e-17,0.9999978286046763,1.1331812114380833e-13,6.111356247427605e-22,7.114377322548024e-07,1.4599104522031969e-06,4.361384459216038e-19,6.0253555767554994e-18
0a503c18-3588-4844-a79d-d6ecec4f4691,1.1836556515907662e-09,3.574915727606682e-08,6.69728818345625e-11,1.7459381026221877e-08,0.091079143435972,0.07711332159838666,2.1499838628371335e-05,1.1520419792089383e-07,0.0002789587207032146,0.776181379922305,3.13427021046642e-05,3.588241656290653e-12,0.0002496632694281316,0.055044434733270704,8.611208359726532e-08,1.646813829125787e-13
0a506d0b-4c0f-4895-9be0-bd990705347d,8.556660954349004e-12,6.655982004535242e-12,3.128842409092355e-11,1.070336183091784e-12,0.0010468679302893494,0.00029726761039009105,2.085983099975506e-08,7.515913258115119e-09,0.006472530275564446,0.9921773495541576,9.314723152201759e-08,1.5425609006889902e-16,5.788116316287045e-06,7.494247675527906e-08,2.580501511189526e-13,7.084606894943271e-21
0a5b71cc-09a5-42c2-a2f3-72b7cd0b3633,4.945411341637809e-19,8.676911964811057e-11,6.64693758384654e-23,2.6040176683893384e-22,3.00823427788512e-14,9.057248957257047e-15,8.700028449575934e-22,1.3683932254090426e-18,5.141061729076498e-18,0.9999999575281392,9.273324243219038e-16,5.173724035033921e-22,3.205398615517388e-14,4.238501953018607e-08,1.396868063843883e-19,8.606095687273936e-24
0a7973de-7f60-4b50-990d-ada20bc5c4ad,2.635520615823371e-16,2.2363858112216622e-11,2.430795512520831e-21,7.030486947838007e-20,1.397762642509856e-07,2.1530144736789717e-06,2.91668190260225e-10,1.9081108260897413e-14,3.204198510229854e-09,0.9999900459852641,8.416478069211011e-08,5.63436684527627e-12,7.48406816642891e-06,8.946716493009931e-08,1.2175907598443136e-17,1.6847444060130976e-15
0a8126c2-9cae-4381-9d63-30ab32f06262,5.273217556572204e-09,5.386828457545128e-14,1.7719607870920467e-10,2.606377020673791e-10,0.007755512934680183,7.624723309576651e-07,1.8124913535443088e-06,0.8139846741029637,2.054896094532806e-07,1.515024287896774e-07,1.6713351999806054e-08,2.0413247328959458e-12,0.04651690289443122,0.1317310243951163,2.0507824500273773e-08,8.910782762757657e-06
0a926b49-27ca-4097-a5dc-bd38bfa67a2b,4.416424295138461e-07,0.00020007018509479705,0.0496127705246013,2.0369557661349466e-08,1.6712661896695722e-06,0.010503733588630952,0.5842649063530233,9.33174390853957e-11,0.05777120032269751,4.1361728894123105e-08,0.2460147640609316,5.7038998086698875e-11,5.536155867496107e-08,0.05163032425465454,5.58545232976384e-10,6.9267930869096675e-18
0aa26df0-54b9-4a0b-9eee-0250159e9a7f,1.3404620914268632e-13,1.984123644200566e-14,9.899108554729621e-16,7.335152003243356e-09,6.176577984962545e-06,0.19791711539824697,0.08681694130905127,3.572239172780696e-08,3.1400129837405163e-07,7.488754061868295e-12,5.538842653634175e-12,1.1073689998246244e-07,9.700410684628237e-08,0.04722297297629882,6.442790544360571e-17,0.6680362289253866
0aa665fe-a603-4bbc-8093-7e1cf62e9cc7,3.9573752439161615e-13,3.1991235998571295e-24,9.944892357423883e-15,1.4960195983946991e-24,2.689792696972115e-10,5.914309921747062e-08,2.2320823530644397e-12,2.546798154196216e-11,1.7512883989789464e-15,6.316402836594136e-08,5.5364417139237947e-17,8.747433544529692e-25,2.0849592516638837e-11,0.9999998773386602,3.6275808446242485e-11,2.3625588654807356e-18
0aae7f3b-9afe-4795-a8df-549512eb43c5,8.695348398104963e-15,1.0447239946450902e-26,8.402965427507387e-10,2.7623829900398692e-27,1.5132099842816307e-13,1.879154671720311e-13,1.196432882313791e-12,1.7315241604907186e-18,3.438035805117693e-14,1.850304225858867e-16,2.2848194219401807e-16,5.741920667065143e-29,2.1031816768839376e-15,0.9999999991578344,2.87607784567971e-13,2.2586414666680103e-23
0ab268a8-3b87-4eba-a561-02a7358a5a8b,6.619577868174709e-35,1.407896774619826e-28,2.2822475474133345e-31,1.5916740457476424e-37,8.121938468590026e-17,8.345613038978078e-21,1.102883114964743e-22,8.359116493213484e-23,2.761179618446182e-19,2.1993861448511817e-14,8.231182072449384e-18,1.1537172992115084e-31,1.491997692553432e-18,0.9999999999999779,9.959893158571124e-19,1.0393665617293048e-27
0ab4a74f-b1d4-4c24-b3b0-9301bdd99e4c,1.54972939146681e-07,5.6005112145729e-17,1.0144921855150512e-09,5.062320240180075e-14,3.420962428851487e-07,2.325272100336501e-06,3.6817697336919e-07,0.08114330701077824,1.1806081939695593e-10,0.03943513996376812,3.7980075454391974e-05,1.8813504200307177e-14,2.130105258870611e-05,0.8147934527956866,0.06456556266474946,6.478609618538154e-08
0abab670-c2c7-4ca3-9ac6-8bfd0c2252ab,1.2321678647508354e-26,2.3420405502581666e-30,1.345833505618399e-29,1.3853970525030848e-38,2.741730453781342e-16,1.1717673797814692e-16,1.0255747870412973e-16,5.887736604276479e-17,1.1754558553363668e-16,1.3765131322922141e-18,1.3342656391006018e-16,9.139376168114047e-31,1.7997101280872807e-20,0.9999999999999993,2.3316711503952077e-25,1.1053508788503396e-32
0abd3405-11c5-46b7-85f5-bab402806aba,3.499452234670426e-14,2.2436241153393127e-14,3.5462113443988796e-14,4.4392068401275164e-17,3.669727738295695e-08,6.628873889736879e-05,1.7526289046460826e-06,1.774850649248697e-06,1.6669784900707106e-09,0.00019515976240585663,6.841170009767842e-07,3.529674657773369e-21,2.524693921706544e-07,0.9997340484779077,3.2006882956374745e-10,2.7042436342414105e-10
0abe06a5-7ab7-468d-a915-38c35b835e90,4.614313304056312e-15,2.849643355931407e-20,8.37392565844001e-15,2.4173508494878318e-21,3.4140268841926e-07,5.044673544136222e-05,5.672052677889626e-06,1.7310675206302078e-09,1.906532966625953e-08,0.02412379930844556,3.3829959772047754e-09,8.009795641357617e-21,4.595311888985742e-09,0.9758196949451677,1.678086092097803e-08,5.50317515179255e-19
0abf34c0-1385-4f0b-b3d6-ba3bc865ec25,1.4562903346604392e-13,1.0644919774117785e-12,2.9552244444960768e-15,1.0669000510715592e-11,1.866516502513478e-07,0.05787002051814427,6.181876511384488e-06,3.8827632548748456e-09,4.3838667338311116e-12,3.6661250584562894e-10,2.252200222591166e-15,1.6672519801602698e-07,2.7843584875047507e-09,0.04349332504870435,7.407204231390008e-12,0.8986301121223821
0abfe2cf-a508-4983-87bb-6917ed355e59,3.633750003694844e-15,1.8103378945797156e-14,5.650437690148964e-11,2.6590755820371795e-10,4.0012415561292865e-05,0.054410621708010164,0.00012454261319737417,2.2716958170679007e-09,3.2016307158635506e-06,2.2174515144401317e-05,1.7569696991625687e-10,0.26288530931192067,2.2074799105986217e-06,0.011636121182572236,2.8081698442109986e-09,0.6708758035649711
0ac4c15c-5a0c-48b4-84f2-0eae3d01dc3b,1.1561595638973687e-06,4.471625267007343e-10,2.8358941070380192e-06,1.2917197192833028e-13,0.02306475351277345,0.07321132535139033,0.02498725953224868,4.727623125797295e-06,0.003452301388307573,0.22598591564514958,0.0005706670783341122,1.1573701039408468e-12,0.02744457814035276,0.621274478995603,2.2940792079942842e-10,1.1868420138214705e-12
0ac66a0e-cf2f-4824-869e-295ef8b38bce,1.1598019691206731e-08,0.002200010456499708,1.030823775825541e-08,4.650152738260895e-13,0.001352673295414922,0.17445677419703237,4.029389500890441e-06,0.0015327397995939043,2.427844876637332e-05,0.05409302406591155,4.533855797989646e-08,6.991750234588204e-15,1.6034047471021654e-05,0.7663203688330025,9.138899053126242e-12,2.1238036877673097e-10
0ace42eb-74b6-422b-8aca-4cee34c5086e,1.3705996645771585e-10,0.00023162949108869503,7.266294988328216e-10,4.925993797687994e-11,0.08522351774293661,0.0002977019553204606,0.05119446631041737,0.00022274060675193838,0.08001313389277541,0.04036550612528842,5.009931547111347e-05,3.11488856525888e-10,0.08675295706765897,0.655648246235022,7.726610728646507e-12,2.5104030529860955e-11
0aceaa1d-878b-4b84-8ca8-d18cadc4dfb5,6.083776296214478e-07,5.840319112395726e-06,3.2265479716655164e-10,5.510870714799059e-14,0.0767351004393187,0.001007776351726684,0.40200768189042485,0.00011245045843677499,0.0014908773452889808,0.2953795800308334,8.443003894324311e-06,3.6597415525112895e-13,3.476848806317376e-05,0.22321687117795164,1.7110703066583877e-09,8.317321785249969e-11
0ad07ac6-a7fc-48c7-a925-3289cdc407bc,4.524251731969081e-13,4.923438444165058e-17,7.720298150015131e-10,1.823326135580978e-13,1.0884193213205856e-07,4.126829367946674e-06,1.984846870016892e-10,0.9999775148241649,1.2460676114801151e-09,1.6002591763587498e-09,6.006022385277783e-16,2.2820717898918273e-20,1.513790372602694e-05,3.107757817219453e-06,1.5585539147951993e-12,2.395648763753092e-11
0ad0c9ae-9423-4dda-90e3-aa0485491a52,1.0888119200913826e-24,1.111808581174766e-19,2.1730088986476804e-25,1.0340424216759235e-22,1.0442231673109215e-07,2.14778429228713e-13,3.371630563510854e-12,0.9999965793592959,4.408225503930159e-14,6.059268718656092e-11,1.8358205485062394e-21,5.980391411263858e-26,1.4125595685897407e-09,3.3147415214208157e-06,8.318440080895458e-14,7.514213792175899e-22
0ad2447b-548c-4ee7-8855-180976c20a68,1.7246057233147122e-08,4.115932616330814e-16,1.5805226128164835e-16,3.5034538877523326e-19,0.04229179816520499,0.00011153131618824326,4.213742020335692e-06,0.9575658605712436,1.0769003482099418e-06,1.3037364384674117e-11,1.5273611231531503e-10,2.6598979827255942e-18,2.874490394765018e-06,2.2627402678795932e-05,8.953165591292923e-14,2.050003633403976e-16
0ad2a679-8a0e-4275-b561-37fcc6cb6e26,2.7735455949434353e-10,3.108497474037328e-16,5.381270107792241e-20,3.7005858258142185e-15,0.007440817003095738,0.0028574725543930018,4.711902189120245e-09,0.9889896583808551,1.3362588970625255e-07,7.457837296004549e-05,4.21168709899264e-12,5.101925179391918e-16,0.0005845523862672986,5.278248286600587e-05,2.001979657779514e-10,2.2324477586601835e-15
0adfbf33-d7d7-4406-8fb4-6d35b277d74c,2.134711886360564e-13,7.211093879399209e-16,1.7652300064370661e-16,2.2525543852216694e-15,0.05281391738082407,9.160197457955685e-05,6.292733348714363e-08,0.8847626032410202,7.839163331821487e-09,2.0554534005225467e-07,3.129712516103959e-13,2.3848445541209638e-18,2.7702695822248906e-06,0.06201160513446577,8.19738401114941e-13,0.0003172256863419744
0adfe305-de98-4a76-bd19-a0f459dca4ef,6.77422171171928e-10,5.470279516584674e-20,1.0916263361237103e-18,6.668928902165081e-16,0.055339671210248326,1.7213185811906635e-09,9.38122149619608e-07,0.9443521632919172,1.436081446912867e-08,5.9220005375468495e-12,8.290175852618988e-16,8.049780942674444e-23,6.504969845995352e-10,0.0003072099596705824,3.834035026490423e-14,2.135887059990096e-16
0ae5ab4a-cd92-4045-997e-c872fe5aff38,1.4855153002020202e-23,1.0259996654466558e-15,7.01865858977332e-19,6.826778542442996e-30,0.0012352326906312117,1.226941944454444e-07,4.1400389254277706e-10,2.5113812032483242e-09,1.930916328421446e-12,1.0335377236090363e-06,2.332706565386781e-18,1.0171341933892803e-26,4.639961511420573e-13,0.9987636081480779,1.9376663322952974e-14,1.5724810736118712e-12
0ae6a2fa-72bf-49b3-8516-0ee471d25bac,4.790235978945216e-13,3.868847567283424e-14,2.6558360184333624e-17,4.5634047110363405e-21,0.006565073218421286,0.41385695681113693,0.036600296181544346,1.8361822122503726e-07,0.0007836911308992893,2.3042244051661046e-05,4.112988048451033e-09,5.083872515063643e-19,4.2808504561047955e-09,0.5421706588482406,8.95531089752503e-08,1.947081121369658e-14
0aecbdf7-a16d-4fea-8f78-d9c226f5b9bc,1.7251651647596978e-07,2.1651699502410835e-05,3.22749882316013e-08,8.059807416319316e-13,0.19819661690761245,0.11638097712877374,0.05485454774091153,0.028274267789990735,0.0005075002998581668,0.06750795017378626,3.6845558338708905e-07,3.1033155170947414e-09,0.002265198022293594,0.5319903668669969,3.4605436518113647e-07,9.646994865014441e-10
0af02348-3304-499c-9ae6-f93376e24292,9.066166575796819e-10,1.7989972360332403e-09,3.121310265879285e-18,2.804190093664027e-10,0.12914860379021742,3.177523062996379e-05,2.497833432009435e-09,1.8123008462330487e-07,0.004103523782616464,9.601819425954011e-07,6.972287979489675e-13,1.1680159772269251e-09,7.421354993395116e-05,0.866640735479404,2.147781418872334e-11,8.111357593524984e-11
0af35269-5ab6-4420-b76c-4ff08f99d80a,6.730399596092461e-07,2.7007383179932008e-11,9.201150592564504e-10,2.75288217688614e-14,0.025427359166703457,0.00890051120323949,4.201815755137023e-09,4.2136379924665055e-06,8.031639729100244e-07,0.08049344166076565,0.8066818181509496,1.9361859679297337e-07,0.06290247396830825,0.008731786349619306,0.0068557872894073855,9.336015193488254e-07
0af3fc3b-f99d-4a5f-8ca2-89dc5ea23bc0,1.2976123989191655e-14,6.290747133631455e-14,1.608717419914467e-15,1.6364693423937054e-18,0.8823993230070805,7.327340384783956e-05,9.516991096417478e-11,1.1672575185714225e-12,0.05356807819829947,1.0839881809735847e-10,3.553615346110111e-12,3.9094541793470515e-18,0.00020417936259246498,0.06375514401090816,1.808904471162774e-09,4.418518358671963e-25
0af6bbe0-d192-4f90-b036-302d78691c71,7.845001224257558e-11,5.647531937408952e-18,1.1151987582312857e-09,4.892188264589682e-15,0.8029125499273471,0.0009309061202787518,6.79892788498748e-09,2.6920091464825202e-05,1.31538072821106e-08,0.0023866778467829196,1.984754879031827e-13,4.3328601595737685e-19,0.00308240961073795,0.01998162340680465,0.17067889184999654,4.243184058610436e-20
0afa5000-9eb6-4c0c-825b-67ea168c1e62,2.453698664963732e-16,1.96433774805361e-13,2.0167846563388164e-13,6.381252483975625e-19,0.682743473688081,0.010000354340267747,0.0029573267558561495,6.829467156509114e-08,0.1339554507459282,9.829167094695739e-05,0.0002468049752679617,2.6832790311384317e-20,0.1605824357929239,0.00941579369068769,4.4970239942171406e-11,1.9302236769479197e-16
0afc65a0-421c-48ca-9036-959fab1596a5,0.00028374510197138355,4.160959790374601e-19,1.5165792054463135e-15,3.3120776416485775e-23,0.994059762644721,5.042791626851374e-08,5.974779597465972e-07,2.1847089271080165e-07,1.6871568416167308e-06,2.3576055218053548e-05,5.786114234087356e-11,2.0030342873908522e-20,0.005572110606547842,5.8238531072547e-05,1.3468996203556258e-08,2.1447081061030844e-25
0afc9929-ba95-48d5-a9fa-6901ef5ea22c,4.277318886326907e-16,7.888888705506301e-27,5.1421874853033263e-14,2.8524678147438795e-22,0.9993004816752875,1.4236127019635163e-06,1.7022999612432223e-13,1.979663077812553e-08,1.4672722789408815e-10,6.595397783025246e-11,2.5008449202269568e-17,5.680737095318746e-23,0.0006980661537348324,8.451427693717323e-09,9.731381953411853e-11,2.0125516082998247e-21
0afe09f6-6f89-4917-8c14-e56b56fe51ad,8.740060734090561e-13,3.2919592072559123e-15,5.5295344728634455e-17,0.04066821722770796,0.8924154256732556,1.2613754450186182e-10,3.154323000668295e-05,0.06649881980155725,1.0301266806968502e-05,2.053792796114161e-06,1.5438018820231976e-08,1.41244401486638e-14,1.456820169126921e-05,0.0003590356238109301,1.9617319388262445e-08,1.2313065905542682e-21
0afe5230-cc2a-42f1-a4da-18a2b627a900,1.3773050282770208e-13,1.4783337410534912e-17,3.1135868379546164e-16,1.7399029334967974e-18,0.6501863193932063,3.8239682541912647e-07,0.033923214513810966,5.886410704232604e-07,2.3458903696221956e-06,2.7914610793842696e-08,5.094268742019865e-15,5.382726618303764e-15,0.04082123260959815,0.2750519264824598,1.3962157900056231e-05,2.391279382514353e-22
0b003e8b-a037-4aa1-a980-f698a5bf8fae,1.113733177650199e-09,3.708865218434153e-26,3.9640533235694766e-17,1.2609619356376963e-22,3.6405925428207016e-07,5.498823685075258e-08,1.2278973620955863e-10,4.091063428141651e-12,2.6971749632321908e-11,8.606017015012125e-14,2.321521123341888e-16,8.257116155912702e-19,5.115438790897751e-07,0.9999990681405048,4.5301145200882375e-13,1.6234637211448382e-20
0b00aa04-ca87-4b4a-8000-b127a2b47880,3.3301612412330944e-09,4.73760840897125e-13,4.930987672339424e-08,3.076697396434769e-15,0.06614808973816722,1.7392895175503618e-05,0.11121814940694183,6.082979040791622e-08,0.0016340857838325828,0.06577551700176495,2.692876414935601e-08,3.7605611995861876e-17,0.05474059132721838,0.7004616353356673,4.398105333488702e-06,6.829432325516141e-12
0b0df59d-b50d-4d90-aa9a-34cc79995673,8.105730742746836e-15,5.54104875053728e-13,1.1395082343709906e-17,5.468441108961467e-14,2.755597787062935e-06,0.9923442212869676,7.801986710926283e-11,0.007653012884356941,5.047883550857565e-12,5.969893128579146e-18,1.9242689990621132e-14,1.0863152745089262e-19,1.3222582192100458e-10,9.354755903630516e-09,3.1723807770347714e-14,6.601710168013228e-10
0b0fc313-8811-45d4-9c83-ddaf88416bbc,3.58283684829448e-20,7.703035828984986e-12,6.249892777727175e-11,1.053535262239326e-22,5.006890331121192e-09,0.9938183343323642,1.6888160482425983e-09,7.501024591561739e-08,5.74450222519862e-07,8.659913511016412e-13,4.57825478533192e-18,2.3551655636232934e-21,1.765077301342848e-09,0.006180997014908902,1.386692819294423e-19,1.0660406796401336e-08
0b146d82-b9cd-4cb7-b324-e0292fc3e87b,4.897814378424833e-24,3.6929433055405445e-14,6.299255405476217e-20,1.30434279228312e-22,0.03649104438168364,0.9631418233242801,6.744757533830545e-12,3.5556596612713927e-16,7.419457085822992e-07,3.569116261953301e-17,4.410078282982617e-20,1.870173374924355e-22,7.984656776791962e-14,0.0003663903414657151,4.2441010464001924e-20,5.131413829778872e-17
0b15e8f2-c9f8-43f0-a1e6-23b723b75f01,4.637086141885791e-18,5.20956826233712e-24,1.120234910966339e-25,1.4589177498634633e-33,3.0080003478776856e-08,1.2953207192873077e-16,6.425059040284961e-20,1.3190538406016302e-17,9.098952798771614e-13,9.209112462599813e-20,3.494780755246828e-16,1.8627778751047312e-28,3.814029326936168e-15,0.9999999699190824,9.583322536026129e-18,4.326383079090204e-22
0b198af1-3bcd-4faf-a614-d45281927bc0,2.1545770461988205e-19,2.040796733563746e-22,4.439665438370412e-26,6.092893917443538e-25,2.3139694499743813e-10,2.325061429110976e-13,4.783644466210042e-19,4.476339070277273e-05,1.2011219363859831e-16,2.6308914394182606e-21,8.615925136136022e-15,5.490034817692233e-28,1.5967306398459483e-21,0.999955236342122,1.0848241443693497e-22,3.553700650923161e-11
0b1c5e2a-9100-4475-95e3-ad01c6482e61,1.293396512576053e-32,5.674580049912806e-31,6.996308531084731e-32,2.0411827240792203e-40,1.0965598537903526e-17,2.2708383099794177e-22,1.6287173538814866e-28,1.2420658011467756e-20,1.518462860623247e-20,3.2993555158235164e-25,1.8938026603345683e-18,2.9966300560098105e-42,7.601110273024131e-24,1.0,4.680342779205202e-25,7.36812848770661e-26
0b207cb6-0ced-4fa2-a238-4289fc62d441,2.820434137046921e-17,3.16504718385777e-16,3.7919145224987826e-22,7.851418680834303e-25,0.2899276617869265,0.7095337902896173,2.9536180323643545e-08,5.1081438531256536e-05,2.5855068877003654e-07,1.593089791070645e-15,3.279983098765583e-12,1.5760965709141094e-27,5.331552116804238e-12,0.00048717838943834377,1.7509234195427437e-15,2.2653136330122743e-15
0b2afba7-c795-4f9f-8cee-6cdc55a43070,3.888523495993073e-18,2.3538745701066373e-20,2.9321890987301587e-25,3.123094108410269e-28,0.9991113495138021,0.0008886498560465789,1.2041490762273233e-16,2.7358117626897956e-12,1.59645460404119e-14,8.691824858012043e-20,4.5983769088459027e-20,2.2302777950882455e-30,6.797976419519071e-12,6.206002126537943e-10,3.776796949281022e-25,1.2034325428348277e-15
0b30a6e8-c3f5-45c7-93d3-6febd11773d9,2.3291788937411775e-15,2.22545400529929e-16,1.3702251050446358e-14,4.374514379624078e-14,0.5662261365070219,0.26813615342938446,2.9116937076929735e-05,0.03587571009211053,3.2366074178988004e-06,2.2334875707567715e-13,8.45256566115129e-08,9.598224078651758e-20,0.06712191149890612,0.06260765038185856,3.1132842462004177e-13,1.9972286921272993e-11
0b335b34-644a-4f38-9252-34aed3e94e74,4.91436274670863e-15,1.1792469350515205e-09,1.19157139738008e-15,3.153313238719153e-18,0.6022658126112513,0.39754374437370177,1.665376132041537e-10,0.00011203306654185603,1.8329548335530425e-07,3.8772807412319845e-11,1.1673522212750297e-11,2.9984212609180594e-16,4.3653043604489184e-07,7.778773318327385e-05,7.438956191098132e-14,9.930906761586184e-10
0b37fa66-e06f-4a4b-942b-206fca0dacb2,2.8888792652471314e-11,1.4303949104426565e-06,5.461066288470898e-07,8.910580249863595e-11,0.1856305722367601,0.4381283993488274,8.063852476321146e-06,8.298818366472566e-06,0.00010479407493382806,5.359329114119372e-09,9.907710608904602e-10,3.7024960161122325e-10,1.8160696480062573e-06,0.3760802196471255,3.56147834994092e-05,2.3782847919532158e-07
0b38c128-2787-4d98-9a59-f51f75e5913b,1.6211280923021746e-17,6.26538852768584e-15,3.385142052443863e-13,5.360566025599254e-21,4.9961308737914884e-05,1.5372206959246367e-07,1.2188732875720183e-12,2.7045760476015035e-09,1.8648990613738597e-07,1.8718655635378793e-08,4.138052010679475e-12,2.892274340762724e-17,1.3468260106409479e-08,0.9999496635240201,5.8072577395260954e-11,1.9213908659204295e-17
0b3d8689-8ed0-4db6-b8ff-f5cd30b8f0ab,1.4212385649268885e-23,4.405790784944011e-26,3.0475703629089576e-24,4.222234158801041e-34,2.560025798786712e-06,1.4387511921761073e-10,2.61998793016196e-11,1.3707643734227774e-15,4.657077851977628e-08,1.113242873483719e-17,2.079743061675893e-13,1.5546168701693445e-30,6.372654140132206e-14,0.9999973932330747,3.17998860702569e-19,7.180835137990262e-23
0b3da685-c742-4581-9633-4509f765fdae,1.2543472491288071e-08,2.2264542974509345e-10,6.635691869660516e-09,7.353995801869351e-19,6.446296321504252e-05,0.00044652137009565715,0.9964089788710072,1.5629667518458542e-08,0.0008595844176454695,3.041926549055082e-11,4.495082480353552e-08,1.1498311737165093e-19,3.521518037814815e-07,0.0022200202120493495,1.4621929937631983e-12,4.411729141239639e-17
0b4de5e9-b3cc-43b7-9c20-b9823567ba22,3.007643604917195e-10,2.688778467435021e-06,3.051751838029457e-13,2.4694894189570382e-11,6.404490342499786e-05,0.0003614081367381173,0.999516674292459,7.906952125571313e-08,4.962016034562919e-05,3.547369626866444e-08,3.099564149838932e-10,1.2688234422592915e-06,2.8527631355387986e-08,4.151198163882992e-06,3.8763459896214447e-13,1.274769673292392e-15
0b4f4eaf-c220-4af0-931d-207f7f8d4b95,1.4140809622922712e-09,0.12482113229374668,4.937045109018525e-16,2.739474465885639e-10,0.0004799480000592435,7.816033116489265e-08,0.8667173514708215,8.224792328615955e-07,0.0064302053018472,1.502918140684864e-05,3.9652526037890153e-05,2.7589222984088032e-12,2.870268793840537e-06,0.0014929086192277386,7.425061602164634e-12,2.821310357020962e-13
0b580fed-da06-4d7f-9103-b09a96db2465,8.909672519170982e-11,6.026243915947255e-13,5.005053883904001e-27,3.84457646397936e-23,3.4776034634786176e-06,1.1675175981706473e-11,8.112000891204292e-17,1.942780764887131e-17,3.3598786770849415e-12,2.5679195587268476e-20,3.307536975017797e-22,1.5438226637646058e-28,1.332681170197342e-06,0.9999951336467154,1.0762644580969714e-20,5.596391637957415e-08
0b5bea1e-8dc3-4582-90e1-e98191c4f277,3.89095607748407e-07,0.06178379938546265,5.325568694333318e-08,1.24434225145831e-11,0.0612564413570116,0.0009912368650731751,0.33877399639056505,5.313193564349872e-06,0.06705797174274791,0.27413792813559296,3.293831766591165e-09,1.0091090474827951e-08,0.006508642602696323,0.13566547343644705,1.732369040558845e-08,0.05381872381848808
0b5dd681-d42c-49a1-9ca4-67acf3ac6092,1.8028600590320114e-14,1.9929285676010044e-13,3.736246983150001e-22,9.583959997013279e-26,2.8138456630740245e-11,8.098069310017951e-09,1.42121423582107e-09,2.485252140485719e-12,1.7207514603124612e-05,2.2265903132427289e-13,1.9752811724728626e-15,4.3557535320762395e-30,5.911807122357141e-09,0.9999827770232385,2.149002199069546e-15,7.034364898149819e-20
0b5df642-33ed-474c-9260-f79393025148,3.301654338102733e-10,0.19205169433278615,2.4847705430625434e-13,9.468963648965154e-18,2.002590726753592e-06,0.06692951675898712,0.0005486212146921437,6.602699043859862e-06,1.4614264242122185e-07,6.1023062631955405e-06,5.352628708361162e-13,1.318063298745669e-13,0.0009673279096847735,0.7394877681309941,2.4058784147163614e-11,2.175590396513939e-07
0b5f70b8-0e92-4e77-991e-6b2ab2ce1842,1.1832768813723884e-14,6.341728371633854e-11,7.12378655133035e-09,5.816716189737167e-16,9.424956189293315e-07,6.111317876487046e-07,0.9999829212692976,4.3336208157252056e-09,4.6492588172745033e-07,1.6636837796073256e-06,2.58588186502351e-09,1.6343237600347835e-14,6.716739977890942e-07,1.2710712306034596e-05,5.398304852266432e-13,5.566705367687406e-14
0b601b5d-a847-4de3-b982-c8afdaf5ec61,6.856063790345199e-15,2.5313169380846394e-16,1.126299201301208e-11,2.7234005255948546e-22,3.3704205110862555e-08,1.610669588109199e-06,0.9999803207860639,3.7304079758830205e-08,1.8230261133488536e-10,3.896567752542365e-11,2.3083195321470874e-10,1.19382198218245e-18,5.279187770378662e-06,1.271787192723125e-05,2.0258076943685563e-13,1.2792452778993769e-11
0b64d920-4298-495f-9513-e62995e3ec66,1.8194481282366692e-07,3.246906336264178e-06,2.111453646556549e-11,4.461061608937639e-11,0.18504308432904554,0.3041231533789403,0.003000469565478431,0.00028198588579600583,0.26120499494760907,3.1402762733914354e-08,2.4908399801922232e-06,8.278743596227612e-12,0.07164464139417519,0.17469571779018653,4.2529542216195723e-10,1.1155775784514277e-09
0b67ac56-908b-429a-a7fc-4b5e6c0f6f9a,1.5142169912594976e-11,8.111523729131472e-07,1.3723825975195004e-08,3.142982381400577e-16,0.0006183323134742001,0.36827007898491754,0.46116119981738823,1.2091424148043208e-08,0.0044479697905301235,0.0002117905298328225,5.007084590670483e-06,9.567495427424641e-05,1.4733872363982849e-05,0.16517435695734933,1.6872883862921134e-12,1.8710826057958933e-08
0b74e09a-be4b-416b-abe5-c967ad4d022b,0.0022287155399404127,5.215239738698631e-20,1.2643219052977013e-16,2.893734309457003e-25,0.997770064460463,8.517351644386454e-09,8.305905871887929e-08,6.823933960541813e-07,1.0004643417666634e-07,1.4446462531734522e-09,6.480435543618453e-08,3.843631697967444e-16,4.1595861840308905e-08,2.3734962188039892e-07,7.888701913641943e-10,3.455120551472768e-24
0b77a1b6-a0b1-4554-a531-00a4e34f2de8,1.5022242201785257e-14,1.1112125370971555e-17,1.4351717539601232e-12,3.837314401876572e-10,0.9998911872274819,1.7796808754042135e-08,6.786050743631157e-06,8.361156399885833e-05,1.0653258323135149e-07,2.9924061127680986e-08,2.5296321918930696e-11,2.6189995363031505e-20,1.2562813312611026e-10,1.826036821619388e-05,7.65317630550979e-17,3.776329708460818e-20
0b78e9da-4e40-427b-b11a-a7650a52b1ca,6.614459857419114e-12,8.22769254121622e-11,4.416514810956916e-17,4.398858451651985e-15,0.08039455355109279,4.234018433032422e-06,1.4176075913239848e-08,8.498322675614836e-07,2.864834620593084e-07,0.9159965448244979,0.0001912608573526447,4.565309992974128e-09,2.0881173591689565e-05,0.0033912949016396176,7.329655643674918e-08,2.230824457005542e-09
0b7a2a13-de54-4e82-95f3-2a60788a6190,5.444008211117271e-12,1.655514123972156e-13,2.0060203512764037e-12,1.13302323243984e-15,0.0013355905820610155,1.054179545009336e-05,2.6288539345370946e-06,7.526431247812234e-07,2.529878403950703e-05,0.917428271636433,2.1923569457131914e-12,3.736863726422365e-17,6.877811009671188e-05,0.0811281363753595,1.209683613410114e-09,8.011207805340687e-15
0b817ce0-d399-4d5e-a0ed-768afc6d59f0,2.3079177675901758e-14,3.5098553643333894e-10,5.943606145995534e-10,1.4024817770151498e-16,8.518543255305124e-10,3.008455274285383e-11,6.847003133023699e-05,8.166846495170249e-10,3.768463842847324e-11,0.999807525695354,3.4989390376751126e-07,1.171863865775276e-17,2.899604851285677e-05,9.465564893793657e-05,1.661451805625867e-15,2.82140959835586e-13
0b831bee-1505-48c1-8f67-43bb75b9c6e0,3.010128512879488e-17,2.2491408732840764e-11,2.403331359009882e-19,2.055737355831407e-23,2.87378916926277e-14,8.723038205100629e-14,7.013047904973943e-21,2.081370015333483e-16,2.6557361654205022e-21,0.9999999998840897,1.3053918838462226e-14,3.1901669635701144e-23,4.002343271153872e-11,5.32662173566536e-11,7.803780716598335e-19,4.563099304825341e-22
0b97ef58-772f-4f46-9de4-e2435be6debc,2.7268678432430132e-12,4.728625260329368e-10,2.0161143740929647e-07,7.64539322034379e-12,0.057350429690147385,1.2531998972964093e-05,2.511312266583155e-07,1.239705362885412e-09,1.1457527920134713e-07,0.8930947109062545,2.2543291387174884e-06,3.1038167256468293e-13,0.04929807651486441,0.00024142251682972806,5.0025984637907895e-09,1.0824478751996103e-19
0b98ba27-eea1-4bef-b6dc-71a294861ae2,3.4220780460790596e-17,9.492747395136473e-24,6.196444679301137e-16,1.9623605270544678e-25,2.5041790472690174e-14,4.4320789804140993e-14,5.644776775599114e-12,1.3529937803722293e-14,5.2745206928634935e-15,1.2031589149019057e-15,1.7831568198898984e-15,2.1714972083560664e-27,3.0691614862633986e-16,0.9999999999938819,3.812773881316499e-13,2.6861782971055027e-22
